ORIGIN_AIRPORT,AIRPORT,CITY,STATE,LATITUDE,LONGITUDE,CLUSTER,total_flights,avg_arrival_delay,avg_departure_delay,pct_delayed_15,cancellation_rate,avg_taxi_out,avg_distance,weather_delay_rate,airline_delay_rate,late_ac_delay_rate,system_delay_rate,PC1,PC2
ABE,Lehigh Valley International Airport,Allentown,PA,40.65236,-75.4404,1,2227,6.2496634,8.687023,17.198025,1.7150395778364116,13.422542,597.70636,1.2895024,30.784597,40.36324,27.56266,0.7622265210534671,0.19415005796136173
ABI,Abilene Regional Airport,Abilene,TX,32.41132,-99.6819,0,2231,3.2720754,5.747647,15.329449,4.164877629884071,9.188256,158.0,19.344448,34.05412,29.29049,17.125715,-0.6674210384933412,-0.4775499038179343
ABQ,Albuquerque International Sunport,Albuquerque,NM,35.04022,-106.60919,1,18918,4.768263,8.798552,17.295698,1.1046269278866194,11.980706,706.42487,4.4881005,29.843483,47.33577,18.192001,-0.05056971647896289,-0.017304187347295434
ABR,Aberdeen Regional Airport,Aberdeen,SD,45.44906,-98.42183,1,663,9.909502,10.101056,17.3454,1.1922503725782414,16.600302,257.0,3.9318204,50.79996,29.22723,15.769111,1.871615789305595,1.579499498761705
ABY,Southwest Georgia Regional Airport,Albany,GA,31.53552,-84.19447,1,866,7.58776,8.756351,17.321016,1.0273972602739725,12.086605,145.0,0.0,46.631107,42.02695,11.341943,0.2756037243909248,0.34228114072751537
ACT,Waco Regional Airport,Waco,TX,31.61129,-97.23052,0,1538,4.6586475,7.2613783,16.905071,4.528535980148883,8.962289,89.0,0.5530339,20.19617,69.78661,9.385924,-1.6443548319733134,-3.4382054354928906
ACV,Arcata Airport,Arcata/Eureka,CA,40.97812,-124.10862,0,1268,7.8414826,11.964511,22.397476,3.8636363636363633,12.160094,250.0,0.06721473,12.982782,61.728973,25.221031,1.127278920488511,-3.4198658171306286
ACY,Atlantic City International Airport,Atlantic City,NJ,39.45758,-74.57717,1,3527,8.734902,9.964843,21.661469,1.1198208286674132,11.554296,813.56335,3.2971904,23.513645,37.03092,36.10988,1.9573925171308255,-0.4253311138584958
AEX,Alexandria International Airport,Alexandria,LA,31.32737,-92.54856,1,3054,8.943353,9.129993,19.024231,2.733630006357279,12.882449,342.2266,5.432417,38.066895,36.316795,19.948473,1.3572639582410595,-0.24111446724872287
AGS,Augusta Regional Airport (Bush Field),Augusta,GA,33.36996,-81.9645,1,2345,8.452452,8.495096,19.402985,0.6353240152477764,16.431557,143.22815,0.038334202,38.01359,39.07301,22.875065,1.3397808066561103,0.49513859038536734
ALB,Albany International Airport,Albany,NY,42.74812,-73.80298,2,7322,-1.8672494,6.7156515,13.220431,1.581981498860437,13.636028,745.4089,6.002645,36.110325,37.339817,20.400806,-1.0961814557273473,1.733636020045718
ALO,Waterloo Regional Airport,Waterloo,IA,42.55708,-92.40034,0,581,1.1531842,5.554217,17.039587,5.6726094003241485,13.969019,234.0,7.175891,22.303446,39.0273,31.015963,-0.09813985097045916,-1.1371523582610372
AMA,Rick Husband Amarillo International Airport,Amarillo,TX,35.21937,-101.70593,1,4074,6.416053,7.0837016,17.574865,3.179876601803512,11.718458,402.1539,4.5633698,28.705341,41.208805,25.358444,0.3558472704855038,-0.7961818553437299
ANC,Ted Stevens Anchorage International Airport,Anchorage,AK,61.17432,-149.99619,2,15818,-0.382286,3.3236187,11.834619,0.77475788815995,12.942976,1401.6705,3.0503144,42.363403,39.87028,14.695361,-1.5713273331799826,2.8576795262103536
APN,Alpena County Regional Airport,Alpena,MI,45.07807,-83.56029,0,546,1.7710623,4.9835167,13.553114,4.537521815008725,12.681318,198.0,3.6833603,12.229403,76.28433,7.5605817,-2.73179170005333,-3.061703352520133
ASE,Aspen-Pitkin County Airport,Aspen,CO,39.22316,-106.86885,1,3263,15.492492,17.39473,28.899786,7.748455923638406,15.246093,634.37146,7.3646507,22.59625,49.208023,20.207483,5.037357286416739,-3.835352830993676
ATL,Hartsfield-Jackson Atlanta International Airport,Atlanta,GA,33.64044,-84.42694,1,343506,3.0467737,9.290225,15.811951,0.7372360423946764,17.403109,640.19385,9.769827,37.621708,32.79805,19.76884,0.6699333958394077,1.976932972502669
ATW,Appleton International Airport,Appleton,WI,44.25741,-88.51948,1,2759,5.6542225,5.58137,17.868793,2.914325842696629,15.471548,287.4846,5.5245132,20.999462,37.749786,35.72624,0.6752305984040098,-0.5224302519379902
AUS,Austin-Bergstrom International Airport,Austin,TX,30.19453,-97.66987,1,41392,5.0140367,10.111109,16.638481,1.3739986212470583,12.568467,824.11035,4.497604,27.387884,47.84917,20.199432,0.22923889873734513,-0.038183976117698325
AVL,Asheville Regional Airport,Asheville,NC,35.43619,-82.54181,1,2673,6.087542,9.178825,16.498316,2.2222222222222223,16.75795,284.3412,6.5227666,26.463118,39.1425,27.871613,0.9455662412001189,0.006382170511952189
AVP,Wilkes-Barre/Scranton International Airport,Wilkes-Barre/Scranton,PA,41.33815,-75.72427,1,1326,6.5060334,8.891402,17.19457,2.060338484179544,14.411011,548.7157,3.626943,39.28037,31.727114,25.365574,1.2506213940384918,0.9732069221772451
AZO,Kalamazoo/Battle Creek International Airport,Kalamazoo,MI,42.23488,-85.55206,0,1743,0.7314974,3.4870913,16.465864,5.528455284552845,14.49455,144.16982,6.1530085,25.935204,40.304928,27.3945,-0.6149406206550021,-0.8708297914739205
BDL,Bradley International Airport,Windsor Locks,CT,41.93887,-72.68323,2,18375,0.75804085,7.5759454,15.270748,1.9256343422522475,13.884136,840.90656,5.587295,29.861637,41.242958,23.248564,-0.36775411814713305,0.908413856200766
BET,Bethel Airport,Bethel,AK,60.77978,-161.838,0,880,3.7431817,1.7965909,13.522727,1.7857142857142856,7.1272726,399.0,4.1080313,21.606255,61.7484,10.305614,-3.0664052012049363,-1.7188373001379944
BFL,Meadows Field,Bakersfield,CA,35.4336,-119.05677,1,2587,3.502126,5.8121376,14.920757,1.5927189988623434,15.261307,661.40936,2.233592,26.150318,45.58222,26.026817,-0.3790914170117156,0.486189804190398
BHM,Birmingham-Shuttlesworth International Airport,Birmingham,AL,33.56294,-86.75355,1,12282,4.506432,8.931607,16.577105,1.4463800543391403,13.77007,513.27246,3.9399962,30.979044,42.337738,22.603325,0.25661399405615937,0.28414004549859817
BIL,Billings Logan International Airport,Billings,MT,45.80766,-108.54286,2,2851,-2.3058577,1.4773763,10.066644,0.45359385903698535,12.802175,506.48264,2.3014314,28.301992,47.89784,21.498737,-3.0359929667167607,1.215359907313308
BIS,Bismarck Municipal Airport,Bismarck,ND,46.77411,-100.74672,1,3382,4.990538,6.8060317,16.824364,1.7376194613379672,15.9124775,520.8983,3.6155875,33.285618,37.69096,25.104273,0.5440665454207787,0.8255318730146718
BJI,Bemidji Regional Airport,Bemidji,MN,47.50942,-94.93372,2,664,1.0346385,5.433735,10.843373,0.4497751124437781,17.254519,199.0,2.8201573,52.011097,29.881338,15.28741,-0.8982926716520467,3.100338735227191
BLI,Bellingham International Airport,Bellingham,WA,48.79275,-122.53753,2,704,-1.4105114,-0.4190341,9.517045,0.42194092827004215,14.069602,1251.7798,3.6511626,49.372093,23.0,23.976746,-1.6934350586404499,4.440095637141875
BMI,Central Illinois Regional Airport at Bloomington-Normal,Bloomington,IL,40.47799,-88.91595,1,2620,5.979389,6.6648855,18.091602,3.8095238095238098,12.903817,417.68436,4.2308116,32.686344,37.066673,26.01617,0.7011219542531565,-0.39533144731138287
BNA,Nashville International Airport,Nashville,TN,36.12448,-86.67818,1,46371,4.5735483,9.6909275,17.536823,2.2404371584699456,12.693407,659.2539,5.1780953,28.510984,46.297222,19.956953,0.3103164871646921,-0.3321546037140086
BOI,Boise Airport (Boise Air Terminal),Boise,ID,43.56444,-116.22278,1,11524,5.891704,8.600312,16.053453,0.8665808665808665,13.294429,633.23,2.1361165,34.47848,41.392002,21.898098,0.32811403258793087,0.6893276874760694
BOS,Gen. Edward Lawrence Logan International Airport,Boston,MA,42.36435,-71.00518,1,104804,4.2916493,9.497147,19.656693,2.4608936734447875,20.005505,979.5536,5.685177,27.68232,33.249622,33.21734,2.2155507252652544,1.322849406229523
BPT,Jack Brooks Regional Airport (Southeast Texas Regional),Beaumont/Port Arthur,TX,29.95083,-94.02069,1,905,16.154696,17.020994,24.972376,6.474820143884892,11.40884,270.0,1.191601,31.52231,46.703415,20.582678,4.061045119807649,-3.489525165256445
BQK,Brunswick Golden Isles Airport,Brunswick,GA,31.25903,-81.46631,1,869,4.844649,8.13809,16.57077,1.0250569476082005,14.895282,238.0,0.0,47.642067,35.359116,16.998816,0.4314641622306974,1.441888135017649
BQN,Rafael Hernández Airport,Aguadilla,PR,18.49486,-67.12944,0,1331,4.3756576,12.377912,19.158527,0.8190618019359642,11.616078,1358.012,0.3479352,9.690851,80.93201,9.029203,-0.6233153869746945,-2.0886141919635306
BRD,Brainerd Lakes Regional Airport,Brainerd,MN,46.39786,-94.13723,2,582,-1.2646048,-0.0652921,16.151203,1.1884550084889642,19.195877,114.13402,9.828067,23.373606,23.838291,42.14684,-0.5248609755325708,1.761662578107349
BRO,Brownsville/South Padre Island International Airport,Brownsville,TX,25.90683,-97.42586,0,2258,2.313552,4.8875113,13.064659,4.106689246401355,11.8959255,385.05936,6.0386577,27.407534,46.9721,19.581709,-1.3670574938605555,-0.6956061587130886
BRW,Wiley Post-Will Rogers Memorial Airport,Barrow,AK,71.28545,-156.766,0,822,1.919708,1.1861314,15.085158,3.1578947368421053,6.80292,525.85034,2.3997524,7.15281,82.7063,7.6327605,-3.9107661010239108,-3.672033195078387
BTM,Bert Mooney Airport,Butte,MT,45.9548,-112.49746,2,647,-6.0896444,0.6553323,6.4914994,2.848575712143928,13.194745,358.0,7.804419,34.626232,49.0362,8.533146,-4.247498196927893,1.2498106543764205
BTR,Baton Rouge Metropolitan Airport,Baton Rouge,LA,30.53316,-91.14963,1,6983,11.203065,10.912358,21.48074,2.2746301981579684,12.995275,363.87384,2.1843958,45.86112,32.101852,19.852633,2.4639001077396316,0.14009070478719887
BTV,Burlington International Airport,Burlington,VT,44.473,-73.15031,1,2884,5.910541,9.493412,20.076283,2.988582941571525,16.777739,476.1179,1.7844465,18.535522,35.800163,43.87987,2.0648141550052523,-0.4649094758314421
BUF,Buffalo Niagara International Airport,Buffalo,NY,42.94052,-78.73217,2,16476,0.29527798,7.0880675,14.80942,1.8842130290061816,13.056567,606.0922,3.756269,25.203026,43.80553,27.20781,-0.7890988012825073,0.3038627389193474
BUR,Bob Hope Airport (Hollywood Burbank Airport),Burbank,CA,34.20062,-118.3585,0,18527,3.1429806,5.978842,13.990393,1.6676372491926519,12.003886,452.5937,3.9425147,18.58663,58.737213,18.686241,-1.665037322994122,-1.09948786053374
BWI,Baltimore-Washington International Airport,Baltimore,MD,39.1754,-76.6682,1,84329,7.2484317,13.255333,21.742224,1.780922176140522,14.300193,768.58704,5.7490935,37.61005,37.802715,18.566877,2.2662408112382626,0.3638330561813145
BZN,Bozeman Yellowstone International Airport (Gallatin Field Airport),Bozeman,MT,45.7769,-111.15301,2,3557,1.7790272,5.903008,13.325836,1.0821309655937847,14.912286,671.8057,7.4468083,28.216537,40.251667,24.084988,-0.7691885043929333,1.1573468412519086
CAE,Columbia Metropolitan Airport,Columbia,SC,33.93884,-81.11954,1,5026,7.6979704,10.05949,18.364504,1.82488837119006,14.270195,459.233,1.6443408,38.39669,39.122227,20.83674,1.3032694736591508,0.33346360143825543
CAK,Akron-Canton Regional Airport,Akron,OH,40.91631,-81.44247,2,5974,-0.065282896,6.0249414,13.44158,1.639344262295082,13.331771,564.5264,5.9154825,28.226086,36.41816,29.44027,-0.872112766541036,1.0090840265709957
CDC,Cedar City Regional Airport,Cedar City,UT,37.70097,-113.09858,2,572,1.0017482,3.1625874,11.013986,0.17452006980802792,13.302447,221.0,2.379364,27.796307,59.372913,10.451412,-2.990143320959625,0.11934036592382523
CDV,Merle K. (Mudhole) Smith Airport,Cordova,AK,60.49183,-145.47765,0,652,-1.6073619,-3.268405,14.723927,1.3595166163141994,8.154908,186.58128,0.6597148,11.172589,70.10002,10.406469,-4.76534246912772,-2.2034560056431753
CHA,Chattanooga Metropolitan Airport (Lovell Field),Chattanooga,TN,35.03527,-85.20379,1,4125,5.725333,8.074424,17.575758,1.6658733936220846,14.7764845,273.26617,1.5156727,33.856472,42.492584,22.135271,0.4747082039009035,0.10946012504804
CHO,Charlottesville-Albemarle Airport,Charlottesville,VA,38.13864,-78.45286,1,2092,9.344169,12.526291,19.455067,4.537205081669692,13.627629,474.3657,0.92343324,31.619627,46.351135,21.105804,1.9284118838756399,-1.4120967062813643
CHS,Charleston International Airport/Charleston AFB,Charleston,SC,32.89865,-80.04051,1,11548,3.8550398,8.394094,16.115345,1.9801980198019802,14.155438,547.81726,1.9245373,24.482048,38.084976,35.508442,0.5360475724932969,0.21669522019821014
CID,The Eastern Iowa Airport,Cedar Rapids,IA,41.88459,-91.71087,1,6588,8.7140255,9.756072,20.415907,3.278688524590164,14.341378,420.77277,6.674815,27.425531,43.61357,22.286085,1.5475688467278126,-1.114803781541814
CIU,Chippewa County International Airport,Sault Ste. Marie,MI,46.25075,-84.47239,1,596,8.671141,10.692953,14.7651005,2.6101141924959217,19.43792,284.0,6.5220304,45.332798,38.382214,9.495111,1.3627085589492145,1.126292934845933
CLD,McClellan-Palomar Airport,San Diego,CA,33.12723,-117.27873,0,628,5.240446,5.353503,14.33121,2.02808112324493,12.47293,86.0,6.943023,8.171272,56.738316,28.14739,-1.349464711255721,-2.1346905695395
CLE,Cleveland Hopkins International Airport,Cleveland,OH,41.41089,-81.8494,1,33765,3.0371094,8.446083,16.570414,2.1220619272022896,14.03092,702.0523,2.614561,28.566742,37.44943,31.274244,0.5280744885684783,0.5784567983735597
CLL,Easterwood Airport,College Station,TX,30.58859,-96.36382,0,2200,2.804091,2.8422728,12.545455,4.716572912159238,9.243636,135.97728,9.046611,26.667324,38.888615,25.39745,-1.6184880199052707,-1.077215679248205
CLT,Charlotte Douglas International Airport,Charlotte,NC,35.21401,-80.94313,1,99052,5.8509974,8.380477,19.967289,1.077508871257127,19.646276,729.86163,4.017878,36.085598,27.997742,31.390375,2.2390716148840353,1.9597483620365312
CMH,Port Columbus International Airport,Columbus,OH,39.99799,-82.89188,1,23557,3.5875535,9.496795,17.502228,2.224335386778021,13.400687,682.7003,5.412351,29.437143,40.30938,24.794664,0.5566348441654586,0.19842358921760936
CMI,University of Illinois - Willard Airport,Champaign/Urbana,IL,40.03925,-88.27806,0,1994,4.2281847,7.50652,17.80341,5.52930056710775,12.51655,224.15196,20.346537,27.61596,25.833363,26.204142,0.8269663057719497,-0.8178824181177388
CMX,Houghton County Memorial Airport,Hancock,MI,47.16842,-88.48906,0,619,5.773829,6.5573506,14.054927,6.736526946107785,16.74475,359.18417,4.930484,32.59526,44.92791,17.314625,0.2908062414484604,-0.8230086958487294
COD,Yellowstone Regional Airport,Cody,WY,44.52019,-109.0238,1,651,8.298003,7.204301,21.966206,1.8045112781954888,17.812595,352.341,13.140145,31.688734,28.81589,25.730701,2.105982935712529,0.5026053089584581
COS,City of Colorado Springs Municipal Airport,Colorado Springs,CO,38.80581,-104.70025,1,6745,7.413936,9.205485,17.968866,1.6858014823426828,19.19481,563.5508,7.5225754,50.236298,20.626345,21.614786,2.3661031286108116,2.6182363977253926
COU,Columbia Regional Airport,Columbia,MO,38.81809,-92.21963,1,1241,11.746173,14.667204,21.112007,4.892966360856269,15.064465,402.77115,8.823897,41.73307,25.14915,24.29388,3.776377791207666,-0.2904090153510131
CPR,Natrona County International Airport,Casper,WY,42.90836,-106.46447,2,1744,-4.6513762,0.9696101,11.353211,1.6347237880496055,13.306192,271.95526,7.581103,17.72653,47.62929,26.787714,-3.1849336014115748,0.24033776396493992
CRP,Corpus Christi International Airport,Corpus Christi,TX,27.77036,-97.50122,0,4716,6.5884223,7.6643343,17.7905,3.0891980360065467,11.868109,242.65628,6.9613776,18.42781,55.40014,19.137054,-0.318092431164864,-2.1773803768886615
CRW,Yeager Airport,Charleston,WV,38.37315,-81.59319,1,2315,10.6539955,11.446652,22.332613,2.4737945492662474,14.188337,481.8501,7.3621564,23.545738,44.37037,24.721737,2.2303502831650626,-1.416878948145651
CSG,Columbus Metropolitan Airport,Columbus,GA,32.51633,-84.93886,0,1060,4.381132,5.574528,16.509434,0.6554307116104869,11.746226,83.0,0.0,25.00507,60.768604,14.226323,-1.5971077184146818,-1.2712481808516547
CVG,Cincinnati/Northern Kentucky International Airport,Covington,KY,39.04614,-84.66217,1,19467,5.895413,9.318745,18.765089,2.5360690929059957,14.8470745,694.3114,4.088514,27.888506,37.759827,30.236387,1.401364578718272,0.10563572863454981
CWA,Central Wisconsin Airport,Mosinee,WI,44.77762,-89.66678,0,1361,4.263042,5.6759734,16.385012,3.943661971830986,12.348273,211.50551,3.5499036,18.177435,37.126328,41.146336,0.17412890139881368,-1.1637956510128957
DAB,Daytona Beach International Airport,Daytona Beach,FL,29.17992,-81.05806,2,1486,-0.5471063,5.31965,10.430686,0.2677376171352075,14.559219,366.16824,1.7246001,34.241802,40.755962,23.277634,-1.752514260338468,1.7314149583290448
DAL,Dallas Love Field,Dallas,TX,32.84711,-96.85177,1,58672,7.988427,11.935625,21.517931,1.4238094440442888,11.364586,672.5401,6.372538,33.774227,43.37141,16.419441,1.4741800658605686,-0.4804986191120398
DAY,James M. Cox Dayton International Airport,Dayton,OH,39.90238,-84.21938,1,8362,4.0405407,7.497369,17.567568,3.3540802213001384,15.261062,483.64804,3.1368911,20.648853,42.005566,34.135715,0.6400796962179723,-0.5733882602069047
DBQ,Dubuque Regional Airport,Dubuque,IA,42.40296,-90.70917,0,869,1.9067894,4.8550057,15.765247,6.25,12.177216,147.0,19.089687,12.003073,37.996925,30.910313,-0.5880965577266695,-2.101550349244996
DCA,Ronald Reagan Washington National Airport,Arlington,VA,38.85208,-77.03772,1,71579,3.1176603,7.9390326,17.626678,2.7468357861072716,18.776457,771.8788,6.450265,22.715178,40.699463,30.019066,0.9805548141858945,0.5373280919313566
DEN,Denver International Airport,Denver,CO,39.85841,-104.667,1,193402,7.187909,11.756844,21.611979,1.082859401698503,15.963796,876.49097,3.8295639,31.310316,42.43538,22.387787,2.0641299636603083,0.4093770192579798
DFW,Dallas/Fort Worth International Airport,Dallas-Fort Worth,TX,32.89595,-97.0372,1,232647,6.9189587,11.41489,20.921396,2.610717550751197,17.232546,787.4804,8.815803,36.78741,35.882893,18.317575,2.275304838959377,0.6951228937954361
DHN,Dothan Regional Airport,Dothan,AL,31.32134,-85.44963,1,1243,9.275946,7.762671,21.39984,1.3492063492063493,15.149638,170.0,0.0,33.520824,44.21412,22.265057,1.3301545454525079,-0.4977781133776043
DIK,Dickinson Theodore Roosevelt Regional Airport,Dickinson,ND,46.79739,-102.80195,2,918,-4.611111,1.248366,10.130719,1.812366737739872,16.04793,483.50873,11.167979,27.07349,31.653543,22.165354,-2.455770002385733,2.0117998961753103
DLH,Duluth International Airport,Duluth,MN,46.84209,-92.19365,1,1666,10.02461,8.385354,20.348139,3.0250145433391507,17.828932,304.82053,2.896546,22.532532,43.253643,31.312958,1.99986246783307,-0.9805797762941504
DRO,Durango-La Plata County Airport,Durango,CO,37.15152,-107.75377,1,2019,6.108965,6.4091134,17.483902,2.127659574468085,14.631996,448.4403,14.124459,26.578825,34.69011,24.606606,0.5535621278596332,0.09354637031565347
DSM,Des Moines International Airport,Des Moines,IA,41.53493,-93.66068,1,8101,6.876929,10.274657,19.182817,3.041144901610018,13.419455,538.7288,5.407195,25.647146,42.943027,26.00263,1.2475495323218437,-0.8755407206231229
DTW,Detroit Metropolitan Airport,Detroit,MI,42.21206,-83.34884,1,106992,3.5914087,9.092624,17.056416,1.1705069124423964,18.19749,704.5069,3.7202604,40.577953,29.904467,25.697083,1.3431270083981608,2.2293213123420017
EAU,Chippewa Valley Regional Airport,Eau Claire,WI,44.86526,-91.48507,0,634,5.940063,8.828075,16.561514,4.940119760479042,14.509463,268.18454,5.175292,11.888863,53.68471,29.251131,0.310438856813421,-2.434394559237148
EGE,Eagle County Regional Airport,Eagle,CO,39.64257,-106.9177,1,1198,12.401503,15.855593,23.372288,2.9814665592264302,17.015024,1104.5977,9.595196,23.565214,48.445736,18.316246,3.5681849534443946,-1.0626540423996844
EKO,Elko Regional Airport,Elko,NV,40.82493,-115.7917,2,517,-3.2804642,-3.7717602,7.5435205,2.6365348399246704,12.733075,200.0,1.6546763,38.417263,39.028774,20.89928,-3.811139996937903,1.6228293357593218
ELM,Elmira/Corning Regional Airport,Elmira,NY,42.15991,-76.89144,1,2007,5.5590434,6.348281,17.787743,1.9502681618722575,16.549576,402.61734,2.5122364,40.65058,32.212933,24.624249,0.9743486382461075,1.2608682072393613
ELP,El Paso International Airport,El Paso,TX,31.80667,-106.37781,1,11806,4.9989834,7.7301373,15.669998,1.1025726695623121,12.928765,637.06415,4.420242,28.990927,50.542408,15.956815,-0.4990257992947273,-0.03091274869513407
ERI,Erie International Airport,Erie,PA,42.08202,-80.17622,1,708,8.824859,7.9194913,18.220339,4.825737265415549,15.364407,365.61017,7.294676,27.445316,27.393726,37.866283,2.141909820602813,-0.47999662574634416
ESC,Delta County Airport,Escanaba,MI,45.72267,-87.09373,2,554,2.3592057,7.2563176,9.205776,2.966841186736475,13.915162,306.0,10.173656,39.171036,42.77523,7.306684,-1.5437594636422534,0.7736462382312095
EUG,Eugene Airport (Mahlon Sweet Field),Eugene,OR,44.12326,-123.21869,1,3558,3.520236,7.183249,15.4300165,1.8447136563876654,14.005902,616.5846,0.4186723,22.894104,45.40714,31.154734,-0.1318346372760056,-0.0061481818614457
EVV,Evansville Regional Airport,Evansville,IN,38.03799,-87.53063,1,3707,6.316428,7.5880766,19.395739,3.1298904538341157,15.893985,345.59967,3.5056715,25.673944,36.666794,34.15359,1.412098457852506,-0.3808557487546074
EWN,Coastal Carolina Regional Airport (Craven County Regional),New Bern,NC,35.07297,-77.04294,2,565,5.5309734,5.3309736,13.982301,1.391304347826087,11.269027,433.0,0.0,41.57161,45.717907,12.710484,-1.007258132802686,0.5068782855966539
EWR,Newark Liberty International Airport,Newark,NJ,40.6925,-74.16866,1,98341,4.4857283,13.550818,20.900743,3.0558503321149235,20.177708,1096.0089,4.3402925,35.428577,39.18748,20.916092,2.7219865043081946,1.207253547122731
EYW,Key West International Airport,Key West,FL,24.55611,-81.75956,2,1940,2.79433,6.735567,12.525773,0.963000506842372,9.864948,502.61133,7.807614,30.917755,52.01767,8.939296,-1.978613811178364,-0.10053003270171514
FAI,Fairbanks International Airport,Fairbanks,AK,64.81368,-147.85967,2,2169,0.7063163,3.374366,12.678654,0.45808520384791573,13.842323,1239.2328,2.7648752,38.276928,43.85645,14.869497,-1.4881572555961737,2.345735088911815
FAR,Hector International Airport,Fargo,ND,46.91935,-96.81499,1,5566,4.4141216,7.0240746,17.84046,1.949762866678377,16.57887,512.84045,3.4887388,21.515392,42.596573,32.295628,0.6151557101096661,-0.018479484700446032
FAT,Fresno Yosemite International Airport,Fresno,CA,36.77619,-119.71814,1,6924,8.829433,10.014442,19.280762,0.9546879452835565,15.669555,519.6033,2.9267979,42.153393,30.674557,24.237745,2.0553842844832,1.2441441761520424
FAY,Fayetteville Regional Airport,Fayetteville,NC,34.99147,-78.88,1,1612,6.367866,9.601737,15.818858,0.9185548071034906,12.99938,331.0,3.149404,38.291203,49.213936,9.345458,-0.19005845736104318,0.08289142132707064
FCA,Glacier Park International Airport,Kalispell,MT,48.3114,-114.25507,2,1996,-2.3517034,1.4448898,10.871743,0.9382716049382716,15.772044,733.2756,1.7368221,32.066742,45.627605,20.568829,-2.3764730380261674,1.9466215761233931
FLG,Flagstaff Pulliam Airport,Flagstaff,AZ,35.13845,-111.67122,0,1610,5.6080747,4.045963,14.534162,3.0120481927710845,17.089441,119.0,7.249823,22.578571,50.768044,19.35857,-0.7293767561816594,-0.7837268518668167
FLL,Fort Lauderdale-Hollywood International Airport,Ft. Lauderdale,FL,26.07258,-80.15275,1,72580,3.611036,10.616506,18.281897,1.0784526784744106,15.152673,1051.8492,2.8651145,31.36405,36.88076,28.663074,1.3107839157805896,1.3119902021955532
FNT,Bishop International Airport,Flint,MI,42.9655,-83.74346,2,4629,-1.8960899,4.353424,12.140851,2.296670880741677,12.31173,576.466,8.98141,19.022453,41.35526,30.595272,-1.819680293409547,0.26945489584955507
FSD,Sioux Falls Regional Airport,Sioux Falls,SD,43.58135,-96.7417,1,5157,9.265077,9.442311,21.349623,2.8887638341774524,16.62168,450.75024,5.2721267,26.524532,38.781937,29.399294,2.248417167620762,-0.5937088974838196
FSM,Fort Smith Regional Airport,Fort Smith,AR,35.33659,-94.36744,1,1910,6.858639,6.8099475,17.329844,2.9426686960933535,11.981675,349.92355,3.110708,35.17584,46.183567,15.439205,-0.007146156538070731,-0.6651868777054212
FWA,Fort Wayne International Airport,Fort Wayne,IN,40.97847,-85.19515,1,5079,7.2317386,9.469187,17.720024,3.250332636380916,15.732625,330.65405,6.7091613,38.289,32.717587,22.066597,1.514641989542636,0.35965425130719636
GCC,Gillette-Campbell County Airport,Gillette,WY,44.3489,-105.53936,2,982,-5.070265,1.4338086,9.674134,1.103309929789368,13.779022,344.42465,0.72666293,16.73188,60.90926,21.35271,-3.9168584663595793,0.030351269641465957
GCK,Garden City Regional Airport,Garden City,KS,37.92752,-100.72441,1,637,5.8053374,6.0502353,18.838305,3.770739064856712,11.062795,404.0,10.845461,43.16239,22.476322,23.515823,0.9863651194338642,0.5136917640390988
GEG,Spokane International Airport,Spokane,WA,47.61986,-117.53384,2,9440,2.7943857,4.9344277,13.230932,0.5155181483429774,13.923941,603.4061,3.3174593,39.02406,42.23267,15.403549,-1.1186910762124131,1.5447925236087214
GFK,Grand Forks International Airport,Grand Forks,ND,47.94926,-97.17611,2,714,4.4159665,3.037815,17.086834,0.41841004184100417,18.182074,284.0,5.5605516,22.227219,48.396282,23.815948,-0.5517015841039343,0.25803641188444987
GGG,East Texas Regional Airport,Longview,TX,32.38486,-94.71171,0,613,9.264274,8.145187,19.575857,4.354587869362364,9.230017,140.0,3.7847354,30.215014,45.40425,20.445114,0.6514435095888637,-2.216088583570697
GJT,Grand Junction Regional Airport (Walker Field),Grand Junction,CO,39.12241,-108.52673,2,3122,1.2001922,2.5592568,11.434978,1.2268008807801196,14.7713,492.54034,5.963249,34.07016,38.60767,21.323957,-1.6124278792954443,1.5630330996638448
GNV,Gainesville Regional Airport,Gainesville,FL,29.69006,-82.27178,1,2635,8.164706,8.609867,18.519924,1.4535967200894522,13.308538,298.70438,1.9084318,37.743862,46.34546,14.002246,0.5513065322421774,-0.2493684325922017
GPT,Gulfport-Biloxi International Airport,Gulfport-Biloxi,MS,30.40728,-89.07009,2,3514,1.542971,4.572567,13.488901,2.1081830790568654,12.580251,397.84406,3.8555272,27.610449,45.104042,23.398737,-1.404617882645706,0.09279710886977373
GRB,Green Bay-Austin Straubel International Airport,Green Bay,WI,44.48507,-88.12959,0,4720,3.8262713,4.4836864,16.059322,3.0936283548453183,13.444915,256.70276,3.7884128,17.150501,46.8772,32.183884,-0.6001246151346986,-1.1807673047096618
GRI,Central Nebraska Regional Airport,Grand Island,NE,40.96747,-98.30861,2,607,0.7018122,4.782537,15.321252,3.627760252365931,12.02636,561.0,5.686104,46.83783,27.284595,20.191471,-0.3595666915162951,1.5030845689069834
GRK,Killeen-Fort Hood Regional Airport,Killeen,TX,31.0649,-97.8278,0,3869,5.8340654,6.240372,16.205738,3.8680882717579967,12.184544,241.47377,3.6695902,36.1441,45.635937,14.550376,-0.31098812693703837,-0.7590542772152905
GRR,Gerald R. Ford International Airport,Grand Rapids,MI,42.88082,-85.52277,1,10541,1.9546533,7.6144576,15.434968,2.544951590594744,14.475098,476.75858,4.7988334,30.332848,41.8787,22.955305,-0.24622130701979192,0.3278377693070559
GSO,Piedmont Triad International Airport,Greensboro,NC,36.09775,-79.9373,1,6462,6.1097183,9.801609,18.786753,3.7999109395873534,16.203806,459.15567,1.5138216,30.793959,40.303223,27.37874,1.5522794471625248,-0.3012057196559088
GSP,Greenville-Spartanburg International Airport,Greer,SC,34.89567,-82.21886,1,6380,3.115674,7.1020374,15.141066,2.109446652399878,13.605642,456.80063,1.7537302,27.682606,40.67061,29.865423,-0.1556306528610392,0.21275073408838444
GTF,Great Falls International Airport,Great Falls,MT,47.482,-111.37069,2,1944,-0.98251027,0.99691355,8.796296,0.7121057985757884,14.403807,591.56226,0.15948963,39.132957,31.912426,28.75888,-2.0407555029418667,2.7768434856532567
GTR,Golden Triangle Regional Airport,Columbus-Starkville-West Point,MS,33.45033,-88.59137,1,912,7.9144735,7.2905703,18.85965,1.5102481121898599,14.277412,241.0,0.0,46.325676,33.46098,20.213348,1.1352710417645524,0.8841476656999683
HDN,Yampa Valley Airport (Yampa Valley Regional),Hayden,CO,40.48118,-107.21766,1,686,8.567056,11.354227,22.44898,2.275960170697013,17.453352,882.79156,8.231682,18.13529,51.778557,21.854473,2.09042532593137,-1.0096280750455884
HIB,Range Regional Airport (Chisholm-Hibbing Airport),Hibbing,MN,47.3866,-92.83899,0,878,-2.404328,1.2927107,11.731207,2.2271714922048997,16.354214,141.62642,7.5683937,14.817387,64.17164,13.442577,-3.375234194715877,-0.8087671937617136
HLN,Helena Regional Airport,Helena,MT,46.60682,-111.98275,2,1419,-2.3143058,0.78294575,9.161382,0.627177700348432,14.762508,527.99084,0.83441067,40.075214,14.854858,44.235516,-1.2480668128085262,3.7137597943418834
HNL,Honolulu International Airport,Honolulu,HI,21.31869,-157.92241,2,42946,0.79646534,2.6246681,10.0964,0.4030390067636431,15.17373,1266.9946,1.6533716,51.367016,39.090305,7.830077,-1.6576464928816204,3.6612995927036223
HOB,Lea County Regional Airport,Hobbs,NM,32.68753,-103.21703,2,547,3.2413163,5.3528337,12.248629,4.028021015761821,13.093236,501.0,23.991936,27.884615,20.750622,27.372828,-0.15494404665924366,0.7379495116054628
HOU,William P. Hobby Airport,Houston,TX,29.64542,-95.27889,1,51132,7.60072,12.079813,20.928186,1.4872602897659581,10.36574,713.22974,4.810589,37.88969,44.491455,12.716961,1.2086459262578593,-0.34908182505609425
HPN,Westchester County Airport,White Plains,NY,41.06696,-73.70757,1,7132,9.561133,12.156758,23.906338,3.7484885126964933,16.015284,891.62463,3.7367206,35.35785,35.343536,25.410376,3.3718812802827345,-0.10449064350198518
HRL,Valley International Airport,Harlingen,TX,26.22851,-97.65439,0,3021,1.2277392,3.205892,10.956636,1.3965573238064306,9.703409,283.5627,3.17536,14.098408,60.031467,22.694765,-3.0671630459662986,-1.3376288250063242
HSV,Huntsville International Airport,Huntsville,AL,34.64045,-86.77311,1,4423,3.3947546,7.5903234,15.170698,1.8366895330825403,15.77097,355.73456,5.791236,34.067425,35.265114,24.777615,0.21096023705775646,0.9688605432271943
HYS,Hays Regional Airport,Hays,KS,38.84494,-99.27403,0,557,3.199282,2.5960503,17.773788,2.6178010471204187,11.947935,298.0,0.56431216,10.507881,55.0107,33.917107,-1.1852282042634033,-1.935641134851386
IAD,Washington Dulles International Airport,Chantilly,VA,38.94453,-77.45581,1,33664,5.169647,12.634387,20.14912,1.6178399650196764,17.461145,1299.7803,4.943816,32.451748,33.41023,29.181934,2.6007312306250046,1.6232778158968528
IAH,George Bush Intercontinental Airport,Houston,TX,29.98047,-95.33972,1,144019,7.3782697,11.484256,20.540346,1.4527151450669067,17.805088,826.1643,4.7896547,34.416634,36.04511,24.614038,2.402384556779766,1.019749009145826
ICT,Wichita Dwight D. Eisenhower National Airport (Wichita Mid-Continent Airport),Wichita,KS,37.64996,-97.43305,1,7877,6.939571,9.717913,18.750793,2.408596837944664,13.266218,560.2698,5.935026,27.048244,41.518764,25.484756,1.0944124798030435,-0.523889124171364
IDA,Idaho Falls Regional Airport,Idaho Falls,ID,43.51456,-112.07017,2,2225,-2.6993258,0.6858427,10.337079,0.8455718736092568,13.424719,302.17035,3.1800601,31.76479,42.54405,22.511103,-2.920597045314686,1.4232133365734778
ILM,Wilmington International Airport,Wilmington,NC,34.27061,-77.90256,2,1838,3.961915,6.0038085,13.928183,0.8602150537634409,13.243199,365.86996,2.0897388,48.27245,35.47345,14.164364,-0.5632931117682799,1.743151919394715
IMT,Ford Airport,Iron Mountain/Kingsford,MI,45.81835,-88.11454,2,606,-0.69966996,0.7128713,11.221122,1.7741935483870968,18.318481,170.77888,26.268116,25.825283,28.220612,19.68599,-1.773435029714018,1.6661230810979508
IND,Indianapolis International Airport,Indianapolis,IN,39.71733,-86.29438,1,25048,2.2605398,8.140011,15.785691,1.7254871273182566,13.691432,726.81006,3.2101035,29.67918,42.686398,24.350187,-0.12142733826600365,0.5928657677880809
INL,Falls International Airport,International Falls,MN,48.56619,-93.40307,2,556,5.410072,4.3147483,12.05036,1.5679442508710801,19.104317,159.19064,13.456966,39.499126,34.537964,12.505944,-0.4503918684553508,1.6838279774024645
ISN,Sloulin Field International Airport,Williston,ND,48.17794,-103.64235,2,2479,0.8507463,4.1895924,14.562324,1.1408339889850512,21.014925,651.4377,8.943411,32.219307,32.81649,25.95244,-0.004846704125007495,2.4583283819277293
ISP,Long Island MacArthur Airport,Islip,NY,40.79524,-73.10021,0,4238,2.1153846,10.060406,16.163284,3.0737704918032787,10.0559225,743.5191,4.0549016,32.520493,49.68996,13.597623,-0.521423199974467,-0.4847570660158861
ITO,Hilo International Airport,Hilo,HI,19.72026,-155.04847,2,5708,0.34320253,-0.88980377,8.1639805,0.20968023763760268,8.5781355,305.0475,3.558043,26.330519,67.60282,2.5086203,-4.994914516501678,-0.5107391210866318
JAC,Jackson Hole Airport,Jackson,WY,43.60732,-110.73774,1,3444,2.516841,7.6727643,15.679442,1.5380233551694675,17.304878,619.8516,4.4874616,26.52187,46.891426,22.099243,-0.09182517723540261,0.6227249378051437
JAN,Jackson-Evers International Airport,Jackson,MS,32.31117,-90.07589,1,6905,4.4910936,6.8981895,17.320782,2.395378328871354,13.498914,391.4378,3.1336088,24.837662,41.655598,30.373129,0.22244564808792627,-0.40821206206661
JAX,Jacksonville International Airport,Jacksonville,FL,30.49406,-81.68786,1,17777,3.719694,8.500984,15.671936,1.1697527442066749,13.837486,580.3175,2.963369,29.562557,42.54679,24.85668,0.016622957714539872,0.5026714455423558
JFK,John F. Kennedy International Airport (New York International Airport),New York,NY,40.63975,-73.77893,1,91663,3.607519,12.043486,21.41322,2.0488002473057527,26.995583,1449.2114,7.2399454,35.034958,31.133953,26.133055,3.611142175117144,3.1292470430175796
JLN,Joplin Regional Airport,Joplin,MO,37.15181,-94.49827,1,629,9.507154,8.526232,20.985691,4.954954954954955,13.144674,327.0,9.036212,27.710306,41.24791,22.005571,1.6087634416166285,-1.7795362279765696
JMS,Jamestown Regional Airport,Jamestown,ND,46.92972,-98.6782,0,743,3.3620458,3.2018843,17.227457,7.266009852216748,14.561238,259.74292,1.9156678,46.682365,36.889984,14.511986,0.06910458100950859,-0.21958759655565194
JNU,Juneau International Airport,Juneau,AK,58.35496,-134.57628,2,4031,5.513768,3.9307864,17.34061,1.1968734733756716,14.553957,480.8814,8.79323,30.219831,44.343266,16.195272,-0.4451722043638063,0.24092588005932275
KOA,Kona International Airport at Keahole,Kailua/Kona,HI,19.73877,-156.04563,2,11052,-0.24375679,1.3525153,9.880565,0.3599064243296743,10.282302,990.482,2.1725605,35.184418,55.522137,6.8858237,-3.396496662994368,1.2788444546878353
KTN,Ketchikan International Airport,Ketchikan,AK,55.35557,-131.71374,0,2287,3.1993878,2.3703542,17.31526,1.207416990081932,11.710538,458.4718,3.1247203,22.410242,61.979588,12.09598,-2.020504781453921,-1.1339787733671671
LAN,Capital Region International Airport ( Lansing Capital City),Lansing,MI,42.7787,-84.58736,1,1800,6.32,7.1116667,18.166666,2.541914548404543,15.589444,236.51555,1.0683028,26.295692,38.789257,33.84675,0.9777263899827068,-0.3237642547870979
LAR,Laramie Regional Airport,Laramie,WY,41.31205,-105.67499,2,556,-3.9928057,3.0971222,12.05036,4.130808950086059,14.433454,113.0,0.669746,29.676676,46.25866,23.071592,-2.2852011757846014,0.09690029397316738
LAS,McCarran International Airport,Las Vegas,NV,36.08036,-115.15233,1,131937,6.023337,10.897732,19.863268,0.7028029523730862,14.710089,996.4315,2.0713603,32.58184,45.277725,19.999525,1.3047849915691518,0.6595763135112928
LAW,Lawton-Fort Sill Regional Airport,Lawton,OK,34.56771,-98.41664,0,1236,7.240291,7.291262,16.990292,7.062359128474831,9.618123,140.0,11.346018,26.914495,48.150105,13.589382,-0.11843288010616755,-2.883735908698192
LAX,Los Angeles International Airport,Los Angeles,CA,33.94254,-118.40807,1,192003,5.723421,10.624866,20.125727,1.111607670298398,16.94099,1252.0756,1.4772843,32.432133,45.88804,20.054958,1.6364359273150253,1.0798731303214246
LBB,Lubbock Preston Smith International Airport,Lubbock,TX,33.66364,-101.82278,0,4458,6.2877975,7.378421,15.903993,3.493638128100065,11.334455,390.024,7.2094736,26.84992,45.899292,20.010635,-0.1814976920388109,-1.1494605768633686
LBE,Arnold Palmer Regional Airport,Latrobe,PA,40.27594,-79.4048,1,1245,7.5759034,9.940562,23.21285,2.810304449648712,13.181526,924.97186,1.062748,8.09519,50.39662,40.44544,1.9135487702572254,-1.9870959086664586
LCH,Lake Charles Regional Airport,Lake Charles,LA,30.1261,-93.2234,2,1802,0.9711432,2.8706992,13.207547,3.010752688172043,11.587681,196.73586,8.729017,30.6235,38.914867,21.480816,-1.709716336082213,0.026020281201322
LEX,Blue Grass Airport,Lexington,KY,38.03697,-84.60539,1,5800,2.7444828,6.9827585,15.379311,2.8432848302391704,14.948965,403.7655,2.0281982,33.36095,40.30469,24.29389,-0.06392157353980922,0.43981911215862496
LFT,Lafayette Regional Airport,Lafayette,LA,30.20528,-91.98766,1,5005,7.606394,7.6085916,19.100899,2.447077102349971,13.911288,343.37903,6.849043,27.27564,37.57438,27.940863,1.0824016352781003,-0.5121718226320908
LGA,LaGuardia Airport (Marine Air Terminal),New York,NY,40.77724,-73.87261,1,94834,5.6281395,13.165658,23.246937,4.548968425279855,26.711306,802.1194,3.8720284,23.928877,47.49377,24.66792,3.532136590399483,0.10043551381727807
LGB,Long Beach Airport (Daugherty Field),Long Beach,CA,33.81772,-118.15161,1,8704,4.071117,7.160271,17.336857,0.6836048763814515,12.715763,779.771,2.1005414,29.032438,44.451477,24.415545,-0.05101674457536824,0.4730547026061307
LIH,Lihue Airport,Lihue,HI,21.97598,-159.33896,2,10487,-1.0093449,0.45790026,9.096977,0.41725936462778573,8.550301,919.23047,2.3134816,34.009136,56.218563,7.1957917,-3.971561265385685,1.0120779620628746
LIT,Bill and Hillary Clinton National Airport (Adams Field),Little Rock,AR,34.7294,-92.22425,1,10132,5.91364,9.372187,18.574812,2.56188831318365,13.195618,520.3874,6.516011,25.756136,40.97393,26.75392,0.9074131285039279,-0.5625360975407843
LNK,Lincoln Airport (Lincoln Municipal),Lincoln,NE,40.85097,-96.75925,1,2564,4.7605305,5.6407957,15.639626,2.579666160849772,13.606864,479.89,2.8246605,29.994034,37.173237,29.846663,0.10688965298593277,0.2645351602561327
LRD,Laredo International Airport,Laredo,TX,27.54374,-99.46154,2,2127,2.9271274,4.0371413,13.023037,2.9064486830154403,11.598966,355.93652,6.222838,35.020775,38.33994,20.416447,-1.1911170214772975,0.33423501182877213
LSE,La Crosse Regional Airport,La Crosse,WI,43.87938,-91.25654,0,1581,1.5528147,4.914611,15.939279,3.829787234042553,13.392157,185.67172,7.7205496,25.018358,35.413826,31.84727,-0.3837459260721067,-0.38370895158688867
LWS,Lewiston-Nez Perce County Airport,Lewiston,ID,46.3745,-117.01539,2,588,-6.6207485,-2.9761906,3.9115646,0.0,12.107142,461.0,14.063557,27.383366,43.948616,14.604463,-5.337482386367938,2.15683897023705
MAF,Midland International Airport,Midland,TX,31.94253,-102.20191,0,7252,5.734832,6.9477386,16.947048,3.334661883884682,11.765168,437.84637,5.62463,21.835909,53.42706,19.09351,-0.4376773655868699,-1.63008628021772
MBS,MBS International Airport,Saginaw,MI,43.53291,-84.07965,0,1654,4.8814993,7.7684402,16.74728,3.89308541545613,14.417171,202.60399,4.121824,17.219667,55.061848,23.596659,-0.2182659756909527,-1.9352292611803061
MCI,Kansas City International Airport,Kansas City,MO,39.29761,-94.71391,1,38106,4.2681465,8.37065,16.32289,1.1457390404758825,12.256285,731.5406,3.2991257,27.83565,46.57742,22.1875,-0.15916290890537882,0.09979394035079417
MCO,Orlando International Airport,Orlando,FL,28.42889,-81.31603,1,109532,6.959628,11.976673,19.708395,1.0073705645960607,14.594822,953.1466,7.098627,28.397762,40.615494,23.756557,1.732664306105235,0.41135038496641785
MDT,Harrisburg International Airport,Harrisburg,PA,40.1935,-76.7634,1,3210,2.2884736,8.288473,14.70405,2.009132420091324,14.546417,566.1109,3.2618775,33.337627,38.71483,24.685665,-0.021837572322854593,0.9047755727929122
MDW,Chicago Midway International Airport,Chicago,IL,41.78598,-87.75242,1,78685,6.053924,12.766283,21.161594,2.4219271567391143,12.93812,805.0391,6.1633067,34.102417,43.414913,16.27319,1.6161854003271567,-0.24718735138010672
MEI,Meridian Regional Airport,Meridian,MS,32.33313,-88.75121,0,888,7.7342343,7.617117,21.171171,1.5435501653803747,10.461712,222.1892,0.0,22.780832,68.5496,8.669571,-0.6246640436053612,-2.663676455393897
MEM,Memphis International Airport,Memphis,TN,35.04242,-89.97667,1,14381,4.4993396,8.826438,16.765177,2.335815842924848,14.784576,556.554,7.210962,28.638405,37.16045,26.97614,0.7154876157695914,0.31612054315903126
MFE,McAllen-Miller International Airport (McAllen Miller International),McAllen,TX,26.17583,-98.23861,0,3294,4.367031,6.980267,14.05586,3.2541776605101145,12.051306,381.16666,8.230692,30.068192,44.99128,16.69398,-0.7175026395869009,-0.5149382916553805
MFR,Rogue Valley International Airport,Medford,OR,42.37423,-122.8735,1,2430,4.451029,7.542387,16.54321,1.5751211631663975,15.404116,528.53784,1.4720676,21.856348,47.471664,29.095968,0.13946678816683145,-0.16901371389978237
MGM,Montgomery Regional Airport,Montgomery,AL,32.30064,-86.39398,1,3107,7.482459,8.3868685,19.6009,1.7029328287606436,13.954941,287.9559,1.1446192,31.291485,49.70731,17.856583,0.5831538474162884,-0.7517846661882868
MHK,Manhattan Regional Airport,Manhattan,KS,39.14097,-96.67083,0,1562,2.96863,4.0268884,16.069141,4.16156670746634,12.540333,458.60562,9.063394,22.08957,39.00566,29.841375,-0.4471049656216941,-0.7108174320440964
MHT,Manchester-Boston Regional Airport,Manchester,NH,42.93452,-71.43706,2,6115,-0.2611611,7.121995,14.309076,2.399872854418309,13.345217,649.79395,3.0475657,27.871946,38.049137,31.03135,-0.5085261464608347,0.7402949025724442
MIA,Miami International Airport,Miami,FL,25.79325,-80.29056,1,68301,7.040805,12.413332,22.371561,1.129202059387664,18.412,1060.8029,5.826191,36.809643,33.420597,23.660807,2.966179029091085,1.5317795327736674
MKE,General Mitchell International Airport,Milwaukee,WI,42.94722,-87.89658,1,29172,2.5723295,7.680241,16.44385,1.9346186085498742,13.737659,695.911,5.0351677,25.734907,43.33911,25.862085,-0.08241220069660246,0.20672673802920677
MKG,Muskegon County Airport,Muskegon,MI,43.16949,-86.23822,0,618,6.6003237,8.5550165,20.873787,7.34632683658171,14.338188,118.0,1.5195919,12.232715,64.55009,21.697601,0.578064611885424,-4.115965726343637
MLB,Melbourne International Airport,Melbourne,FL,28.10275,-80.64581,2,1322,2.1717095,8.812406,12.632375,0.37537537537537535,14.559002,442.0,3.9192662,35.69908,38.238533,22.14312,-0.48571990525188,1.5065153548812802
MLI,Quad City International Airport,Moline,IL,41.44853,-90.50754,1,3619,7.1937,8.818182,19.977894,3.8919777601270846,13.592153,424.31778,5.0898695,28.042612,41.590916,25.245752,1.290142385303258,-1.0655520860637724
MLU,Monroe Regional Airport,Monroe,LA,32.51087,-92.03769,1,2876,7.4627957,7.6988873,17.55911,2.465383316447146,12.167942,348.32788,2.0558124,32.848965,47.517612,17.497799,0.19064732278136956,-0.7704993422583435
MOB,Mobile Regional Airport,Mobile,AL,30.69142,-88.24283,1,4905,7.166361,7.0489297,18.185526,1.9131127939418093,12.964322,411.04138,2.557107,29.105368,44.601364,23.711193,0.4074193410057305,-0.5132931961103468
MOT,Minot International Airport,Minot,ND,48.25938,-101.28033,2,1820,2.8747253,4.925824,14.67033,1.4594594594594594,17.6,534.33514,18.5669,23.340698,42.435883,15.584477,-0.7187875260677581,0.6644189333665053
MRY,Monterey Regional Airport (Monterey Peninsula Airport),Monterey,CA,36.58698,-121.84295,0,2836,6.208392,7.3543725,16.960508,4.5057162071284464,14.438646,287.24435,0.99328077,21.226994,55.24394,22.515337,0.05342630600261805,-1.896649855898682
MSN,Dane County Regional Airport,Madison,WI,43.13986,-89.33751,0,8830,3.0346546,5.4822197,15.76444,3.1089217296113847,13.528879,409.53918,3.4686308,24.344147,45.742046,26.445177,-0.5425342789737834,-0.5410562313725886
MSO,Missoula International Airport,Missoula,MT,46.91631,-114.09056,2,2053,-1.3185582,1.7077447,10.326352,0.91478093403948,14.918655,639.70386,2.898008,34.88093,45.30478,16.916279,-2.4675428520502507,1.8528151057636995
MSP,Minneapolis-Saint Paul International Airport,Minneapolis,MN,44.88055,-93.21692,1,111055,1.9675926,7.205556,15.731845,0.7206757226825549,17.474667,810.7861,3.479088,35.71244,32.057087,28.68773,0.5561374055142079,2.2943809642852746
MSY,Louis Armstrong New Orleans International Airport,New Orleans,LA,29.99339,-90.25803,1,38292,3.7655907,8.651442,16.329782,1.0591691578187816,10.969863,736.06067,4.9565797,21.230047,49.265358,24.277445,-0.44402802411991493,-0.47887194528681987
MTJ,Montrose Regional Airport,Montrose,CO,38.50887,-107.89383,0,966,2.537267,4.9875774,17.391304,2.897102897102897,15.362319,596.66254,1.2349067,18.770582,61.269665,18.63337,-0.9498621668494267,-1.1361525755481265
MYR,Myrtle Beach International Airport,Myrtle Beach,SC,33.67975,-78.92833,1,4725,7.5925927,9.612275,21.354498,2.0285655143862553,11.226031,500.11725,2.1833994,15.551498,45.842102,36.401337,1.2620864259491582,-1.7432409174366257
OAJ,Albert J. Ellis Airport,Jacksonville,NC,34.82916,-77.61214,1,1118,9.36762,10.2898035,17.44186,1.3204225352112675,13.63059,399.0,0.0,39.058105,48.636086,12.30581,0.7777737249904546,-0.14378512843280325
OAK,Oakland International Airport,Oakland,CA,37.72129,-122.22072,1,41669,6.6541796,9.52845,19.6621,1.3540977408072596,10.690993,714.2511,1.9174769,33.544827,49.654053,14.760576,0.41217820280230827,-0.4847391639199609
OGG,Kahului Airport,Kahului,HI,20.89865,-156.43046,2,20477,1.0718856,3.4911363,12.452996,0.6108498569835652,9.617815,1251.9626,2.3155608,38.046024,51.819313,7.6215158,-2.3173146115408967,1.3776151375527879
OKC,Will Rogers World Airport,Oklahoma City,OK,35.39309,-97.60073,1,15797,5.068304,8.606824,16.794329,1.8582755203171457,13.110654,595.1879,7.822331,27.136803,45.69288,19.328526,0.06931326660487035,-0.25382953827221444
OMA,Eppley Airfield,Omaha,NE,41.30252,-95.89417,1,16442,3.7209585,7.6925554,16.141588,1.5698680833283591,13.345639,651.58734,5.751755,30.104845,40.490036,23.64257,0.014101796944240835,0.4979979701607307
OME,Nome Airport,Nome,AK,64.5122,-165.44525,0,632,7.890823,5.439873,21.202532,4.072398190045249,7.1392407,513.6519,3.3430905,19.27284,63.934677,10.198737,-0.7684655937586949,-3.417176282980043
ONT,Ontario International Airport,Ontario,CA,34.056,-117.60119,1,17769,4.1399627,8.311216,16.24177,1.0123484258538213,11.501998,548.2574,2.2887847,27.192692,52.379208,17.725868,-0.6760004349958901,-0.44301170738613493
ORD,Chicago O'Hare International Airport,Chicago,IL,41.9796,-87.90446,1,276554,8.60079,14.033679,23.378798,2.990023925788082,19.533878,722.2123,10.116037,30.182007,36.960125,22.67727,3.4531327987728795,0.04942342155811371
ORF,Norfolk International Airport,Norfolk,VA,36.89461,-76.20122,1,9084,4.0280714,9.56561,16.325407,2.8056326008107533,13.677785,545.7567,6.552037,30.516684,37.48513,25.391384,0.599239114296452,0.16854895147808638
ORH,Worcester Regional Airport,Worcester,MA,42.26734,-71.87571,1,632,0.9541139,5.243671,18.51266,3.9215686274509802,12.786392,1150.8102,0.0,29.50255,36.9712,33.52625,0.40651270456444755,0.5823699349442465
OTZ,Ralph Wien Memorial Airport,Kotzebue,AK,66.88468,-162.59855,0,633,6.5734596,4.2243285,21.484993,3.3182503770739067,7.344392,395.1959,16.025452,16.14383,51.21338,13.96863,-0.770803694162888,-2.841331902576101
PAH,Barkley Regional Airport,Paducah,KY,37.06083,-88.77375,0,622,5.966238,7.8681674,13.344051,6.606606606606606,11.834405,342.0,1.8927846,12.309451,47.6499,38.147865,0.08841069692365729,-2.544362725491908
PBI,Palm Beach International Airport,West Palm Beach,FL,26.68316,-80.09559,1,22134,7.936026,12.1944065,21.085209,1.5682452487485048,13.568809,914.9146,2.0056124,26.717148,43.501755,27.340845,2.00981345181616,-0.28085531507213896
PDX,Portland International Airport,Portland,OR,45.58872,-122.5975,2,46777,1.2046518,5.349189,13.02777,0.45024954868854195,12.390619,1090.4896,1.4121861,31.144783,42.66513,24.706476,-1.1007923773381076,1.6040527548587389
PHF,Newport News/Williamsburg International Airport,Newport News,VA,37.1319,-76.49299,1,1229,8.922702,11.101708,18.795769,2.137767220902613,12.412531,509.66803,0.0,39.852375,48.752518,11.395108,1.0079577028044642,-0.46021474656780875
PHL,Philadelphia International Airport,Philadelphia,PA,39.87195,-75.24114,1,64751,4.3921795,10.344953,21.105465,1.6267551233698367,21.691278,1059.1885,3.0558333,32.41458,33.629692,30.72488,2.673750349805835,1.945155355347884
PHX,Phoenix Sky Harbor International Airport,Phoenix,AZ,33.43417,-112.00806,1,145552,4.3927875,8.630077,18.003876,0.6143786397847631,15.299295,966.59973,2.3799806,37.66946,38.754646,20.758522,0.8332946736040553,1.6077424519391252
PIA,General Wayne A. Downing Peoria International Airport,Peoria,IL,40.66424,-89.69331,1,4490,6.1899776,7.9084635,18.997772,3.323327615780446,14.765256,380.51,5.0813212,32.358147,33.371742,29.158735,1.353930085303538,-0.027683685148698144
PIB,Hattiesburg-Laurel Regional Airport,Hattiesburg-Laurel,MS,31.46715,-89.33706,1,563,8.721137,7.6731796,18.29485,1.2216404886561953,11.754885,233.04085,0.0,57.9729,27.787909,14.239187,1.0886179606096964,1.462059353851331
PIH,Pocatello Regional Airport,Pocatello,ID,42.91131,-112.59586,2,652,2.5797546,-1.3282208,8.7423315,0.3058103975535168,11.935583,150.0,11.021003,51.881886,18.714909,18.3822,-2.158584331364196,3.1007748393792465
PIT,Pittsburgh International Airport,Pittsburgh,PA,40.49147,-80.23287,2,23669,-1.195361,6.5004435,13.946512,1.608756945020317,13.622502,732.6532,5.221464,28.911007,40.695435,25.164646,-1.0116176939320123,1.097973152927329
PLN,Pellston Regional Airport of Emmet County,Pellston,MI,45.57093,-84.79672,1,730,7.5945206,10.424658,13.150685,2.788844621513944,17.787672,243.0,6.204674,31.486706,55.32836,6.8795323,0.017028161976921613,-0.4694124498036384
PNS,Pensacola International Airport (Pensacola Gulf Coast Regional Airport),Pensacola,FL,30.47331,-87.18744,0,6403,3.5836327,7.492738,15.68015,1.6528925619834711,13.308293,438.18256,6.9416003,23.625956,49.29373,20.090881,-0.6436385332329124,-0.4607577458635306
PSC,Tri-Cities Airport,Pasco,WA,46.26468,-119.11903,2,2394,0.59774435,2.692147,12.406015,1.1919441019317716,14.734754,683.40265,3.9081194,26.841072,50.22066,18.870634,-1.9693694212699842,0.831805216626361
PSE,Mercedita Airport,Ponce,PR,18.0083,-66.56301,2,738,-4.405149,2.7344174,13.279133,1.4686248331108143,12.4959345,1371.2927,0.0,15.791263,75.16573,9.043005,-3.5505812145156055,-0.22319577505925756
PSG,Petersburg James A. Johnson Airport,Petersburg,AK,56.80165,-132.94528,0,652,5.4969325,3.5690184,20.092024,1.355421686746988,8.89724,77.0,2.2629035,11.492499,73.391815,10.195779,-2.172791907246798,-3.4472680984994963
PSP,Palm Springs International Airport,Palm Springs,CA,33.82922,-116.50625,1,8865,6.0077834,7.961985,16.943035,1.123845554690108,14.33683,635.7135,0.74892807,33.436874,36.84993,28.76322,0.8220644893581094,0.8701740573183873
PVD,Theodore Francis Green State Airport,Providence,RI,41.724,-71.42822,2,10757,0.4002975,7.49828,15.338849,2.414541508410201,12.8745,745.09595,5.0632167,27.488417,43.377964,24.013468,-0.5932224490684687,0.3513333180567973
PWM,Portland International Jetport,Portland,ME,43.64617,-70.30875,1,4529,3.3601236,9.362994,16.692427,2.948088015381329,14.102893,535.55597,2.9048328,25.168224,35.630516,36.273705,0.8758361175830358,0.04723846241426617
RAP,Rapid City Regional Airport,Rapid City,SD,44.04532,-103.05737,2,3197,3.441664,5.3684707,15.389427,1.4701378254211332,15.203003,554.7895,4.7104416,27.358372,47.088665,20.782658,-0.6322531312496716,0.34829067958091936
RDD,Redding Municipal Airport,Redding,CA,40.50898,-122.2934,0,706,0.19121814,6.4716716,13.88102,2.8885832187070153,16.174221,199.0,0.059585877,24.325933,61.716072,13.898405,-1.6852169986678487,-0.786475859825816
RDM,Redmond Municipal Airport (Roberts Field),Redmond,OR,44.25407,-121.14996,2,2119,1.4591788,4.0542707,13.44974,1.3940520446096654,13.08353,606.0694,4.6546755,34.63774,40.752438,19.936838,-1.2865107027458993,1.147707464038926
RDU,Raleigh-Durham International Airport,Raleigh,NC,35.87764,-78.78747,1,31074,4.5777497,9.645138,17.735085,2.3231753197893155,14.703965,641.2942,5.0185347,22.331766,43.449585,29.046873,0.7920667662445428,-0.3034064900016145
RHI,Rhinelander-Oneida County Airport,Rhinelander,WI,45.63119,-89.46745,1,937,5.9242263,2.4151547,23.265741,1.5723270440251573,18.153683,153.37567,1.5712883,18.400143,49.22775,30.800823,0.576384530273278,-0.9651595089966711
RIC,Richmond International Airport,Richmond,VA,37.50517,-77.31967,1,14887,5.8474507,10.2257,18.022436,2.7548029957668514,15.459529,535.0145,4.8447733,40.26946,27.111431,27.744839,1.8571651797148945,1.116946501884414
RKS,Rock Springs-Sweetwater County Airport,Rock Springs,WY,41.59422,-109.06519,2,670,0.14925373,4.6402984,10.746268,2.608695652173913,14.904478,255.94478,10.554342,35.103767,31.171492,22.938286,-1.232830293201109,1.4054887400629557
RNO,Reno/Tahoe International Airport,Reno,NV,39.49858,-119.76806,1,12851,5.22543,7.8411016,17.399424,1.0222119744831297,13.172049,577.1305,2.023347,21.888302,51.844494,24.201363,-0.13123369207320393,-0.5930878529260174
ROA,Roanoke Regional Airport (Woodrum Field),Roanoke,VA,37.32547,-79.97543,1,2217,7.5299954,9.9165535,18.764095,2.5854513584574934,15.109608,415.45737,5.4801393,25.598019,40.894127,28.027714,1.4163351391333165,-0.5789135300586497
ROC,Greater Rochester International Airport,Rochester,NY,43.11887,-77.67238,1,7240,0.9294199,7.6038675,16.022099,2.483888292158969,14.651105,504.27722,3.0191078,28.540846,35.68737,32.749004,0.157669223253995,0.6466236634769864
ROW,Roswell International Air Center,Roswell,NM,33.30156,-104.53056,0,915,6.8448086,7.731148,16.721312,5.646817248459959,11.217486,435.0,23.252232,24.833738,30.892134,21.021898,0.6858141904221854,-1.3068461760454142
RST,Rochester International Airport,Rochester,MN,43.90883,-92.49799,1,1971,3.8995433,7.2095385,19.736174,3.8461538461538463,14.612379,318.6824,3.9676263,23.71165,40.436665,31.880293,0.807534566302899,-0.8898659828407339
RSW,Southwest Florida International Airport,Ft. Myers,FL,26.53617,-81.75517,1,26938,3.9970675,8.665342,17.350954,1.1919561243144423,12.635014,961.5376,2.2665184,23.239012,47.95779,26.486795,0.1545445169980092,0.02511682841741315
SAF,Santa Fe Municipal Airport,Santa Fe,NM,35.61678,-106.08814,1,1435,8.303136,9.574913,20.069687,3.9893617021276597,14.011149,525.5547,4.2482557,39.10512,33.808033,22.785662,1.977888616399201,-0.10546127097914954
SAN,San Diego International Airport (Lindbergh Field),San Diego,CA,32.73356,-117.18966,1,69270,3.328988,8.314869,16.977047,1.1181221245744726,14.663751,979.6108,2.3773444,26.57845,49.5111,21.331306,0.03702158243344833,0.4988836165723894
SAT,San Antonio International Airport,San Antonio,TX,29.53369,-98.46978,2,29375,2.175217,7.543285,14.515744,1.1111857123673963,11.633872,716.8647,5.2414017,27.136045,48.099743,19.471663,-1.0100529912253267,0.2036152288998968
SAV,Savannah/Hilton Head International Airport,Savannah,GA,32.12758,-81.20214,1,7372,5.8061585,10.749865,18.516006,1.922566958366481,15.032148,543.0323,3.4774356,27.56249,34.35634,34.603737,1.6710172501715725,0.275664221763929
SBA,Santa Barbara Municipal Airport (Santa Barbara Airport),Santa Barbara,CA,34.42621,-119.84037,1,5878,4.94607,6.4421573,17.301804,2.1106863885657305,14.625043,402.27698,1.73559,16.887825,46.89659,34.4369,0.15655665421143922,-0.8353579868043063
SBN,South Bend International Airport (South Bend Regional),South Bend,IN,41.70895,-86.31847,1,4343,8.896846,11.111214,17.982962,2.2676246070947466,17.615013,310.5061,9.294166,46.47083,27.621246,16.401112,2.2023954776008994,1.2960508587184407
SBP,San Luis Obispo County Regional Airport (McChesney Field),San Luis Obispo,CA,35.23706,-120.64239,0,3063,4.552073,6.801175,18.086843,2.0746887966804977,13.688214,248.6794,3.154401,13.7114,45.434345,37.46609,0.1711060825858165,-1.248271010360898
SCC,Deadhorse Airport (Prudhoe Bay Airport),Deadhorse,AK,70.19476,-148.46516,0,816,1.0992647,-0.9497549,12.5,2.1052631578947367,7.02451,297.30884,14.863661,8.002139,65.1399,11.138835,-4.263241617849863,-2.498679533432181
SCE,University Park Airport,State College,PA,40.85121,-77.8463,1,882,6.1031747,8.690476,17.006804,2.7442371020856204,12.399093,478.31406,11.438613,38.70117,24.866203,24.994009,1.1354009557635654,0.7501957424294108
SDF,Louisville International Airport (Standiford Field),Louisville,KY,38.17439,-85.736,1,9940,3.2481892,8.73833,16.448692,2.2638181105448845,14.27334,545.2497,3.906236,26.380816,41.81409,27.840366,0.29038422289723276,0.06311984965123375
SEA,Seattle-Tacoma International Airport,Seattle,WA,47.44898,-122.30931,1,110178,2.9755669,6.7868266,15.995027,0.4057746237567516,16.757511,1266.9733,2.1713402,38.97899,32.65873,26.002907,0.7229255505725397,2.8330075696015475
SFO,San Francisco International Airport,San Francisco,CA,37.619,-122.37484,1,145491,5.7502112,11.155364,19.59434,1.4512729041673424,17.75461,1201.148,1.5290458,32.15828,49.60618,16.603697,1.529226381304531,0.870317854551759
SGF,Springfield-Branson National Airport,Springfield,MO,37.24433,-93.38686,1,6035,9.515658,10.497266,20.14913,2.790250160359205,14.819552,461.68268,8.463024,26.24714,38.229023,26.929823,2.011973635959461,-0.7488102748405302
SGU,St. George Regional Airport,St George,UT,37.09058,-113.59306,2,1770,1.8734463,3.5237288,10.338983,0.3376477208778841,13.99209,352.4209,6.4271293,38.40129,41.138474,13.984659,-1.9872488495146674,1.6576754515684458
SHV,Shreveport Regional Airport,Shreveport,LA,32.44663,-93.8256,1,5932,9.921443,10.20853,19.942684,2.459419576979833,10.488368,343.25372,2.2949364,40.8362,39.064034,17.804834,1.3941325567967446,-0.6085173669994516
SIT,Sitka Rocky Gutierrez Airport,Sitka,AK,57.04714,-135.3616,2,1322,1.9478064,0.69818455,14.220878,0.6706408345752608,11.582451,314.61725,14.0,22.387754,46.377552,15.530612,-2.450487542773593,-0.12611222652601786
SJC,Norman Y. Mineta San José International Airport,San Jose,CA,37.36186,-121.92901,1,37708,5.1482973,7.3697095,17.14225,1.1465968586387436,12.212024,729.1712,2.9205098,28.07487,53.194447,15.75626,-0.4524032018151507,-0.3126417366076108
SJT,San Angelo Regional Airport (Mathis Field),San Angelo,TX,31.35775,-100.49631,0,1550,4.9,7.392258,18.258064,4.72972972972973,9.243871,229.0,10.380369,27.525768,45.534454,16.344896,-0.29903456783568066,-1.9734024102686032
SJU,Luis Muñoz Marín International Airport,San Juan,PR,18.43942,-66.00183,1,24399,2.5196934,10.096069,16.959711,0.7746593121349773,13.378868,1383.9347,0.9069765,35.23854,50.470924,13.148747,0.07288577490392084,1.2695232856202883
SLC,Salt Lake City International Airport,Salt Lake City,UT,40.78839,-111.97777,2,96505,0.7500855,4.746583,12.970312,0.4063367966258616,17.544687,737.85815,3.7985337,38.202003,33.907845,23.99005,-0.5448494140667423,2.705675280043916
SMF,Sacramento International Airport,Sacramento,CA,38.69542,-121.59077,1,36788,5.4518323,8.032537,17.179516,0.962055250994303,11.514842,689.8398,1.4357283,26.305052,55.344803,16.878025,-0.47587649645958635,-0.6156731581502254
SMX,Santa Maria Public Airport (Capt G. Allan Hancock Field),Santa Maria,CA,34.89925,-120.45758,1,652,5.880368,8.843558,15.797546,1.8072289156626504,15.207055,184.93558,1.7260704,34.599865,38.276173,24.254652,0.5714567179531592,0.3688009897362228
SNA,John Wayne Airport (Orange County Airport),Santa Ana,CA,33.67566,-117.86822,2,36708,1.6555792,6.5116053,14.149505,1.0379971495415066,12.216955,796.26587,1.9266484,22.142988,49.883396,26.018969,-1.1216876330446521,0.16276756390670497
SPI,Abraham Lincoln Capital Airport,Springfield,IL,39.84395,-89.67762,1,1517,8.011207,9.568886,17.20501,4.095778197857593,12.864865,343.234,2.9795992,28.064602,43.521835,25.237116,0.9780947255535297,-1.242956138024705
SPS,Wichita Falls Municipal Airport/Sheppard AFB,Wichita Falls,TX,33.9888,-98.49189,0,1170,6.418803,7.5692306,17.179487,4.943273905996758,12.076068,113.0,6.5768995,37.539753,37.945732,17.836119,0.4587915465790912,-0.9333467646142682
SRQ,Sarasota-Bradenton International Airport,Sarasota,FL,27.39533,-82.55411,1,3318,4.518686,9.72393,15.461122,1.1572700296735905,12.269741,705.6992,1.0479751,24.798567,47.345833,26.67597,0.004919797360729829,-0.08809844372086306
STL,St. Louis International Airport at Lambert Field,St Louis,MO,38.74769,-90.35999,1,46181,4.363028,9.531669,18.05288,1.3776803015139578,11.35742,716.85913,4.0185413,28.828754,47.668285,19.415497,0.08313563854479664,-0.2693318080619025
STT,Cyril E. King Airport,Charlotte Amalie,VI,18.33731,-64.97336,1,4171,4.082714,11.082234,18.22105,1.1269549218031278,13.997602,1198.578,1.3636519,32.115707,50.61364,15.653019,0.6273403299491945,0.6549848202369157
STX,Henry E. Rohlsen Airport,Christiansted,VI,17.70189,-64.79856,1,932,4.780043,7.6877685,19.527897,0.3194888178913738,12.232833,799.1835,0.0,39.61174,44.583332,15.445076,0.24088022840980455,0.8335092983384226
SUN,Friedman Memorial Airport,Hailey,ID,43.50484,-114.29659,0,867,1.4521338,4.306805,13.49481,9.205020920502092,14.178778,328.10727,8.116149,22.349161,45.412354,23.860527,-0.7026162302810398,-1.9954176847381153
SUX,Sioux Gateway Airport,Sioux City,IA,42.4026,-96.38437,1,589,6.960951,9.6383705,19.524618,4.67741935483871,14.716469,436.0,15.822784,24.112886,22.369785,37.455906,2.347472441721451,-0.4437667941479514
SWF,Stewart International Airport,Newburgh,NY,41.50409,-74.10484,1,678,7.0442476,10.151917,19.61652,1.7266187050359711,14.629793,1037.9292,1.7188277,52.051662,25.524096,20.705416,2.289391802268062,2.3042188575240594
SYR,Syracuse Hancock International Airport,Syracuse,NY,43.11119,-76.10631,1,5447,0.48356894,6.214797,15.972095,2.6034236804564905,16.486874,546.2675,0.81953967,27.048038,38.212852,33.919567,0.056778813609892585,0.7838332472691895
TLH,Tallahassee International Airport,Tallahassee,FL,30.39653,-84.35033,1,3141,3.8653295,7.2677493,15.313595,1.3149655604257984,13.538363,356.44794,2.1265059,31.126505,48.816265,17.870481,-0.66764597878158,0.0187800895145948
TOL,Toledo Express Airport,Toledo,OH,41.58681,-83.80783,0,897,-2.64437,3.8885174,15.273132,6.756756756756757,12.548495,213.0,0.9186646,15.258795,40.6341,43.18844,-0.9257597669765588,-1.561761414194048
TPA,Tampa International Airport,Tampa,FL,27.97547,-82.53325,1,63077,5.058706,10.111784,17.389856,0.9764341376396584,12.38851,863.0012,5.861496,24.82025,46.985714,22.301016,0.34315057121432807,-0.06935771551009942
TRI,Tri-Cities Regional Airport,Bristol,TN,36.47521,-82.40742,1,1906,4.0619097,5.8315845,15.582372,1.0892116182572613,15.305876,227.0,2.681621,33.83125,40.48942,22.997705,-0.28175022242912073,0.7002369197704795
TTN,Trenton Mercer Airport,Trenton,NJ,40.27669,-74.81347,1,2771,11.990256,14.199928,23.204618,1.802120141342756,13.84049,748.2385,2.059643,26.735825,42.666992,28.537542,3.1547464178610523,-0.9504031232309464
TUL,Tulsa International Airport,Tulsa,OK,36.19837,-95.88824,1,13701,4.2563314,7.5687175,16.845486,1.6535433070866141,13.150573,507.91525,6.900015,23.090145,47.41241,22.499697,-0.254338613110596,-0.48324497498574837
TUS,Tucson International Airport,Tucson,AZ,32.11608,-110.94103,2,14922,2.442367,5.759885,14.569093,1.0187206456307467,12.871599,703.01013,2.8284056,28.816584,43.206127,25.12488,-0.7799545384324557,0.7296578290482776
TVC,Cherry Capital Airport,Traverse City,MI,44.74144,-85.58224,0,2660,1.9323308,5.06203,14.661654,3.3381712626995643,14.268045,243.5312,4.7538867,23.110268,40.33818,31.783333,-0.5863882890307969,-0.3217919488222265
TWF,Magic Valley Regional Airport (Joslin Field),Twin Falls,ID,42.4818,-114.48774,2,805,-1.5801243,-0.8757764,10.434783,1.1042944785276074,11.881988,175.0,5.451748,11.409101,52.29721,30.402285,-3.545712296397088,-0.5315507110904237
TXK,Texarkana Regional Airport (Webb Field),Texarkana,AR,33.45371,-93.99102,0,918,5.261438,4.7570806,15.46841,6.134969325153374,8.954248,181.0,11.567084,30.044651,37.093346,21.071655,-0.5151534617348229,-1.6650874517869159
TYR,Tyler Pounds Regional Airport,Tyler,TX,32.35414,-95.40239,0,2199,6.6489315,6.965439,17.462482,4.3478260869565215,10.582083,120.5025,5.739904,26.747387,48.23143,19.260098,-0.18774764714222045,-2.003960391069981
TYS,McGhee Tyson Airport,Knoxville,TN,35.81249,-83.99286,1,6754,8.184039,10.560705,20.8321,2.470199626597731,14.750962,532.1408,2.0896685,35.725433,33.201626,28.980272,2.287873187383038,0.20838933651851888
VLD,Valdosta Regional Airport,Valdosta,GA,30.7825,-83.27672,1,925,7.0864863,7.3178377,15.459459,0.8556149732620321,11.902702,208.0,0.0,36.029335,43.89325,20.077415,-0.22319569938920675,0.0282336371484081
VPS,Destin-Fort Walton Beach Airport/Eglin AFB,Valparaiso,FL,30.48325,-86.5254,1,4744,5.6804385,9.611299,16.610455,2.0336894001643384,14.752951,439.5759,5.4002843,32.395172,43.390125,18.714779,0.5179949950500573,0.07694401027416607
WRG,Wrangell Airport,Wrangell,AK,56.48433,-132.36982,0,649,4.66718,2.953775,16.486902,1.6566265060240966,7.8027735,56.46071,0.46041882,9.549977,81.50899,8.035051,-3.2778202307111597,-3.7989813826255383
XNA,Northwest Arkansas Regional Airport,Fayetteville/Springdale/Rogers,AR,36.28187,-94.30681,1,8963,11.2338505,11.810889,21.93462,3.188624367122697,14.677564,527.8583,7.9011836,25.230364,38.428757,28.432312,2.7487377650666236,-1.1545185917972534
YAK,Yakutat Airport,Yakutat,AK,59.50336,-139.66023,0,650,-5.6323075,-6.5076923,10.923077,0.7552870090634441,7.9061537,205.95692,2.1205356,4.073661,84.905136,8.90067,-6.919840026666112,-2.4167045319188034
YUM,Yuma International Airport,Yuma,AZ,32.65658,-114.60597,2,1854,2.1844661,1.2324704,10.248112,1.2253596164091636,14.348435,160.0,3.1570032,36.505737,45.969044,14.298914,-2.408710310170583,0.9976423207089951
